table_name,object_type,table_description,column_name,ordinal_position,data_type,is_nullable,column_default,column_description,sensitivity,is_primary_key,foreign_key_references
attendee,TABLE,"Records the people who attended the review, their role and contribution",attendee_id,1,uuid,f,,Public primary key,NONE,Y,
attendee,TABLE,"Records the people who attended the review, their role and contribution",review_id,2,uuid,f,,Parent review foreign key,NONE,N,review
attendee,TABLE,"Records the people who attended the review, their role and contribution",name,3,character varying(100),t,,Name of review attendee/contributor. Free text so not guaranteed to match any user information. Maps to OFFENDER_CSIP_ATTENDEES.ATTENDEE_NAME which has a 100 character limit,STAFF,N,
attendee,TABLE,"Records the people who attended the review, their role and contribution",role,4,character varying(50),t,,Role of review attendee/contributor. Maps to OFFENDER_CSIP_ATTENDEES.ATTENDEE_ROLE which has a 50 character limit,STAFF,N,
attendee,TABLE,"Records the people who attended the review, their role and contribution",attended,5,boolean,t,,Whether the person attended the review. Indicates that they were a contributor if false. Maps to OFFENDER_CSIP_ATTENDEES.ATTENDED where the default is 'N',NONE,N,
attendee,TABLE,"Records the people who attended the review, their role and contribution",contribution,6,text,t,,Description of attendee contribution. Maps to OFFENDER_CSIP_ATTENDEES.CONTRIBUTION which has a 4000 character limit,SPECIAL-CATEGORY,N,
attendee,TABLE,"Records the people who attended the review, their role and contribution",version,7,integer,f,,Supports optimistic locking preventing unnecessary select queries for new entities,NONE,N,
attendee,TABLE,"Records the people who attended the review, their role and contribution",legacy_id,14,bigint,t,,The NOMIS OFFENDER_CSIP_ATTENDEES.ATTENDEE_ID primary key value. Stored to guarantee uniqueness via sync. Not returned by API,NONE,N,
attendee_audit,TABLE,Attendee property changes,rev_id,1,bigint,f,,Foreign key to audit_revision. Identifies the revision this row belongs to.,NONE,Y,audit_revision
attendee_audit,TABLE,Attendee property changes,rev_type,2,smallint,f,,"Type of change; 0 -> entity was created, 1 -> entity was updated, 2 -> entity was deleted",NONE,N,
attendee_audit,TABLE,Attendee property changes,attendee_id,3,uuid,f,,Audit history of attendee.attendee_id. Holds the value as at this revision.,NONE,Y,
attendee_audit,TABLE,Attendee property changes,review_id,4,uuid,f,,Audit history of attendee.review_id. Holds the value as at this revision.,NONE,N,
attendee_audit,TABLE,Attendee property changes,name,5,character varying(100),t,,Audit history of attendee.name. Holds the value as at this revision.,STAFF,N,
attendee_audit,TABLE,Attendee property changes,role,6,character varying(50),t,,Audit history of attendee.role. Holds the value as at this revision.,STAFF,N,
attendee_audit,TABLE,Attendee property changes,attended,7,boolean,t,,Audit history of attendee.attended. Holds the value as at this revision.,NONE,N,
attendee_audit,TABLE,Attendee property changes,contribution,8,text,t,,Audit history of attendee.contribution. Holds the value as at this revision.,SPECIAL-CATEGORY,N,
attendee_audit,TABLE,Attendee property changes,name_modified,15,boolean,t,,Whether name was changed in this revision.,NONE,N,
attendee_audit,TABLE,Attendee property changes,role_modified,16,boolean,t,,Whether role was changed in this revision.,NONE,N,
attendee_audit,TABLE,Attendee property changes,attended_modified,17,boolean,t,,Whether attended was changed in this revision.,NONE,N,
attendee_audit,TABLE,Attendee property changes,contribution_modified,18,boolean,t,,Whether contribution was changed in this revision.,NONE,N,
attendee_audit,TABLE,Attendee property changes,legacy_id,19,bigint,t,,Audit history of attendee.legacy_id. Holds the value as at this revision.,NONE,N,
audit_revision,TABLE,Hibernate Envers audit revision records. A revision is created for every set of changes to the CSIP entity graph and the history of every mutable property change is tracked. Full audit history starts from the 15th of November 2024,id,1,bigint,f,nextval('audit_revision_id_seq'::regclass),Internal primary key,NONE,Y,
audit_revision,TABLE,Hibernate Envers audit revision records. A revision is created for every set of changes to the CSIP entity graph and the history of every mutable property change is tracked. Full audit history starts from the 15th of November 2024,timestamp,2,timestamp without time zone,f,,The date and time the change happened,NONE,N,
audit_revision,TABLE,Hibernate Envers audit revision records. A revision is created for every set of changes to the CSIP entity graph and the history of every mutable property change is tracked. Full audit history starts from the 15th of November 2024,username,3,character varying(64),f,,The username of the user who made the change,STAFF,N,
audit_revision,TABLE,Hibernate Envers audit revision records. A revision is created for every set of changes to the CSIP entity graph and the history of every mutable property change is tracked. Full audit history starts from the 15th of November 2024,caseload_id,5,character varying(10),t,,The active caseload of the user at the time of the change,STAFF,N,
audit_revision,TABLE,Hibernate Envers audit revision records. A revision is created for every set of changes to the CSIP entity graph and the history of every mutable property change is tracked. Full audit history starts from the 15th of November 2024,source,6,character varying(6),t,,The system used to make the change. Either DPS or NOMIS,NONE,N,
audit_revision,TABLE,Hibernate Envers audit revision records. A revision is created for every set of changes to the CSIP entity graph and the history of every mutable property change is tracked. Full audit history starts from the 15th of November 2024,affected_components,7,character varying[],t,,The table or tables that had values affected by the change,NONE,N,
case_note_annotations,TABLE,"Machine generated annotations over a person's prison case notes, used to suggest content for the CSIP investigation screen (CSIP Assist). Each row is one extract that a language model cited as evidence for a behaviour classification. Rows are derived data copied from the case notes service, not a record created by staff, and there is no retention or purge mechanism here.",id,1,uuid,f,,Primary key. Surrogate UUID with no business meaning.,NONE,Y,
case_note_annotations,TABLE,"Machine generated annotations over a person's prison case notes, used to suggest content for the CSIP investigation screen (CSIP Assist). Each row is one extract that a language model cited as evidence for a behaviour classification. Rows are derived data copied from the case notes service, not a record created by staff, and there is no retention or purge mechanism here.",request_id,2,uuid,t,,Identifier of the analysis request that produced this annotation. Groups every annotation generated by one run.,NONE,N,
case_note_annotations,TABLE,"Machine generated annotations over a person's prison case notes, used to suggest content for the CSIP investigation screen (CSIP Assist). Each row is one extract that a language model cited as evidence for a behaviour classification. Rows are derived data copied from the case notes service, not a record created by staff, and there is no retention or purge mechanism here.",prisoner_number,3,character varying(10),f,,NOMIS offender number (noms id) of the person whose case notes were analysed.,PERSONAL,N,
case_note_annotations,TABLE,"Machine generated annotations over a person's prison case notes, used to suggest content for the CSIP investigation screen (CSIP Assist). Each row is one extract that a language model cited as evidence for a behaviour classification. Rows are derived data copied from the case notes service, not a record created by staff, and there is no retention or purge mechanism here.",case_note_id,4,uuid,t,,Identifier of the source case note in the case notes service. This table holds a copy of text mastered there.,NONE,N,
case_note_annotations,TABLE,"Machine generated annotations over a person's prison case notes, used to suggest content for the CSIP investigation screen (CSIP Assist). Each row is one extract that a language model cited as evidence for a behaviour classification. Rows are derived data copied from the case notes service, not a record created by staff, and there is no retention or purge mechanism here.",prompt_key,5,character varying(255),t,,Key of the prompt used to generate the annotation. Provenance only.,NONE,N,
case_note_annotations,TABLE,"Machine generated annotations over a person's prison case notes, used to suggest content for the CSIP investigation screen (CSIP Assist). Each row is one extract that a language model cited as evidence for a behaviour classification. Rows are derived data copied from the case notes service, not a record created by staff, and there is no retention or purge mechanism here.",prompt_version,6,integer,t,,"Version of the prompt used to generate the annotation, so annotations from a superseded prompt can be identified.",NONE,N,
case_note_annotations,TABLE,"Machine generated annotations over a person's prison case notes, used to suggest content for the CSIP investigation screen (CSIP Assist). Each row is one extract that a language model cited as evidence for a behaviour classification. Rows are derived data copied from the case notes service, not a record created by staff, and there is no retention or purge mechanism here.",behaviour_type,7,character varying(30),t,,"What the model inferred the annotated text evidences about the person. One of RISKS_AND_TRIGGERS, USUAL_BEHAVIOUR_PRESENTATION, PROTECTIVE_FACTORS. This is a machine generated hypothesis offered to a caseworker, not a professional assessment or a recorded observation.",SPECIAL-CATEGORY,N,
case_note_annotations,TABLE,"Machine generated annotations over a person's prison case notes, used to suggest content for the CSIP investigation screen (CSIP Assist). Each row is one extract that a language model cited as evidence for a behaviour classification. Rows are derived data copied from the case notes service, not a record created by staff, and there is no retention or purge mechanism here.",confidence_level,8,character varying(10),t,,"The model's confidence in its classification of the source case note. One of LOW, MEDIUM, HIGH. Recorded per case note, so every annotation from the same case note repeats the value.",NONE,N,
case_note_annotations,TABLE,"Machine generated annotations over a person's prison case notes, used to suggest content for the CSIP investigation screen (CSIP Assist). Each row is one extract that a language model cited as evidence for a behaviour classification. Rows are derived data copied from the case notes service, not a record created by staff, and there is no retention or purge mechanism here.",annotated_text,9,text,t,,"Verbatim extract copied from the source case note - the passage the model cites as evidence for behaviour_type. Case notes are read including those marked sensitive, so this can contain anything case note prose contains: third party names, health and mental health detail, self harm and safeguarding content. It is a duplicate of text mastered in the case notes service and is not updated or removed if the source case note changes.",SPECIAL-CATEGORY,N,
case_note_annotations,TABLE,"Machine generated annotations over a person's prison case notes, used to suggest content for the CSIP investigation screen (CSIP Assist). Each row is one extract that a language model cited as evidence for a behaviour classification. Rows are derived data copied from the case notes service, not a record created by staff, and there is no retention or purge mechanism here.",created_date,10,timestamp without time zone,t,,When the annotation was generated. This is not the date of the source case note.,NONE,N,
contributory_factor,TABLE,The contributory factors the referrer has identified as part of the referral,contributory_factor_id,1,uuid,f,,Public primary key,NONE,Y,
contributory_factor,TABLE,The contributory factors the referrer has identified as part of the referral,referral_id,2,uuid,f,,Parent referral foreign key which is the shared primary key with csip_record and therefore uses the same value as csip_record.record_id,NONE,N,referral
contributory_factor,TABLE,The contributory factors the referrer has identified as part of the referral,contributory_factor_type_id,3,bigint,f,,Foreign key to reference data using the 'CONTRIBUTORY_FACTOR_TYPE' domain for the type of contributory factor believed to have caused the incident or behaviour. The reference_data.code value maps to OFFENDER_CSIP_FACTORS.CSIP_FACTOR,SPECIAL-CATEGORY,N,reference_data
contributory_factor,TABLE,The contributory factors the referrer has identified as part of the referral,comment,4,text,t,,Additional information about the contributory factor. Maps to OFFENDER_CSIP_FACTORS.COMMENTS which has a 4000 character limit,SPECIAL-CATEGORY,N,
contributory_factor,TABLE,The contributory factors the referrer has identified as part of the referral,version,5,integer,f,,Supports optimistic locking preventing unnecessary select queries for new entities,NONE,N,
contributory_factor,TABLE,The contributory factors the referrer has identified as part of the referral,legacy_id,12,bigint,t,,The NOMIS OFFENDER_CSIP_FACTORS.CSIP_FACTOR_ID primary key value. Stored to guarantee uniqueness via sync. Not returned by API,NONE,N,
contributory_factor_audit,TABLE,Contributory factor property changes,rev_id,1,bigint,f,,Foreign key to audit_revision. Identifies the revision this row belongs to.,NONE,Y,audit_revision
contributory_factor_audit,TABLE,Contributory factor property changes,rev_type,2,smallint,f,,"Type of change; 0 -> entity was created, 1 -> entity was updated, 2 -> entity was deleted",NONE,N,
contributory_factor_audit,TABLE,Contributory factor property changes,contributory_factor_id,3,uuid,f,,Audit history of contributory_factor.contributory_factor_id. Holds the value as at this revision.,NONE,Y,
contributory_factor_audit,TABLE,Contributory factor property changes,referral_id,4,uuid,f,,Audit history of contributory_factor.referral_id. Holds the value as at this revision.,NONE,N,
contributory_factor_audit,TABLE,Contributory factor property changes,contributory_factor_type_id,5,bigint,t,,Audit history of contributory_factor.contributory_factor_type_id. Holds the value as at this revision.,SPECIAL-CATEGORY,N,
contributory_factor_audit,TABLE,Contributory factor property changes,comment,6,text,t,,Audit history of contributory_factor.comment. Holds the value as at this revision.,SPECIAL-CATEGORY,N,
contributory_factor_audit,TABLE,Contributory factor property changes,contributory_factor_type_modified,13,boolean,t,,Whether contributory factor type was changed in this revision.,NONE,N,
contributory_factor_audit,TABLE,Contributory factor property changes,comment_modified,14,boolean,t,,Whether comment was changed in this revision.,NONE,N,
contributory_factor_audit,TABLE,Contributory factor property changes,legacy_id,15,bigint,t,,Audit history of contributory_factor.legacy_id. Holds the value as at this revision.,NONE,N,
csip_record,TABLE,Root CSIP entity associating a person with a CSIP and all the child entities. Conceptually a CSIP folder. All 1:1 child entities use the record_id value for their primary key,record_id,1,uuid,f,,Public primary key for the CSIP and the shared primary key for 1:1 child entities,NONE,Y,
csip_record,TABLE,Root CSIP entity associating a person with a CSIP and all the child entities. Conceptually a CSIP folder. All 1:1 child entities use the record_id value for their primary key,prison_number,2,character varying(10),f,,The prison number of the person the CSIP record is for,PERSONAL,N,person_summary
csip_record,TABLE,Root CSIP entity associating a person with a CSIP and all the child entities. Conceptually a CSIP folder. All 1:1 child entities use the record_id value for their primary key,prison_code_when_recorded,3,character varying(6),t,,The prison code where the person was resident at the time the CSIP record was created. Maps to OFFENDER_CSIP_REPORTS.AGY_LOC_ID,PERSONAL,N,
csip_record,TABLE,Root CSIP entity associating a person with a CSIP and all the child entities. Conceptually a CSIP folder. All 1:1 child entities use the record_id value for their primary key,log_code,4,character varying(10),t,,User entered identifier for the CSIP record. Usually starts with the prison code. Maps to OFFENDER_CSIP_REPORTS.CSIP_SEQ,NONE,N,
csip_record,TABLE,Root CSIP entity associating a person with a CSIP and all the child entities. Conceptually a CSIP folder. All 1:1 child entities use the record_id value for their primary key,version,6,integer,f,,Supports optimistic locking preventing unnecessary select queries for new entities,NONE,N,
csip_record,TABLE,Root CSIP entity associating a person with a CSIP and all the child entities. Conceptually a CSIP folder. All 1:1 child entities use the record_id value for their primary key,legacy_id,13,bigint,t,,The NOMIS OFFENDER_CSIP_REPORTS.CSIP_ID primary key value. Stored to guarantee uniqueness via sync. Not returned by API,NONE,N,
csip_record,TABLE,Root CSIP entity associating a person with a CSIP and all the child entities. Conceptually a CSIP folder. All 1:1 child entities use the record_id value for their primary key,status_id,14,bigint,f,,Foreign key to reference data using the 'STATUS' domain for the overall CSIP status. Status is calculated in NOMIS and not stored in the database,SPECIAL-CATEGORY,N,reference_data
csip_record_audit,TABLE,CSIP record property changes,rev_id,1,bigint,f,,Foreign key to audit_revision. Identifies the revision this row belongs to.,NONE,Y,audit_revision
csip_record_audit,TABLE,CSIP record property changes,rev_type,2,smallint,f,,"Type of change; 0 -> entity was created, 1 -> entity was updated, 2 -> entity was deleted",NONE,N,
csip_record_audit,TABLE,CSIP record property changes,record_id,3,uuid,f,,Audit history of csip_record.record_id. Holds the value as at this revision.,NONE,Y,
csip_record_audit,TABLE,CSIP record property changes,prison_number,4,character varying(10),f,,Audit history of csip_record.prison_number. Holds the value as at this revision.,PERSONAL,N,
csip_record_audit,TABLE,CSIP record property changes,prison_code_when_recorded,5,character varying(6),t,,Audit history of csip_record.prison_code_when_recorded. Holds the value as at this revision.,PERSONAL,N,
csip_record_audit,TABLE,CSIP record property changes,log_code,6,character varying(10),t,,Audit history of csip_record.log_code. Holds the value as at this revision.,NONE,N,
csip_record_audit,TABLE,CSIP record property changes,log_code_modified,13,boolean,t,,Whether log code was changed in this revision.,NONE,N,
csip_record_audit,TABLE,CSIP record property changes,legacy_id,14,bigint,t,,Audit history of csip_record.legacy_id. Holds the value as at this revision.,NONE,N,
csip_record_audit,TABLE,CSIP record property changes,prison_number_modified,15,boolean,t,false,Whether prison number was changed in this revision.,NONE,N,
csip_summary,VIEW,"Denormalised view over csip_record, person_summary, referral and plan used to search and paginate CSIPs. Read only - every column is sourced from the tables it joins.",prison_number,1,character varying(10),t,,The prison number of the person the CSIP is for. Sourced from person_summary.prison_number.,PERSONAL,N,
csip_summary,VIEW,"Denormalised view over csip_record, person_summary, referral and plan used to search and paginate CSIPs. Read only - every column is sourced from the tables it joins.",first_name,2,character varying(64),t,,The first name of the person. Sourced from person_summary.first_name.,PERSONAL,N,
csip_summary,VIEW,"Denormalised view over csip_record, person_summary, referral and plan used to search and paginate CSIPs. Read only - every column is sourced from the tables it joins.",last_name,3,character varying(64),t,,The last name of the person. Sourced from person_summary.last_name.,PERSONAL,N,
csip_summary,VIEW,"Denormalised view over csip_record, person_summary, referral and plan used to search and paginate CSIPs. Read only - every column is sourced from the tables it joins.",restricted_patient,4,boolean,t,,"Whether the person is a restricted patient, i.e. detained under the Mental Health Act. Sourced from person_summary.restricted_patient.",SPECIAL-CATEGORY,N,
csip_summary,VIEW,"Denormalised view over csip_record, person_summary, referral and plan used to search and paginate CSIPs. Read only - every column is sourced from the tables it joins.",prison_code,5,character varying(16),t,,"The code of the prison the person is resident at, or TRN/OUT if they are not in prison. Sourced from person_summary.prison_code.",PERSONAL,N,
csip_summary,VIEW,"Denormalised view over csip_record, person_summary, referral and plan used to search and paginate CSIPs. Read only - every column is sourced from the tables it joins.",cell_location,6,character varying(64),t,,"The cell location of the person, or an alternative location reference. Sourced from person_summary.cell_location.",PERSONAL,N,
csip_summary,VIEW,"Denormalised view over csip_record, person_summary, referral and plan used to search and paginate CSIPs. Read only - every column is sourced from the tables it joins.",supporting_prison_code,7,character varying(16),t,,The code of the prison supporting the person where they are a restricted patient. Sourced from person_summary.supporting_prison_code.,SPECIAL-CATEGORY,N,
csip_summary,VIEW,"Denormalised view over csip_record, person_summary, referral and plan used to search and paginate CSIPs. Read only - every column is sourced from the tables it joins.",referral_date,8,date,t,,The date the referral was submitted. Sourced from referral.referral_date.,NONE,N,
csip_summary,VIEW,"Denormalised view over csip_record, person_summary, referral and plan used to search and paginate CSIPs. Read only - every column is sourced from the tables it joins.",incident_type,9,character varying(40),t,,Description of the type of incident or behaviour that motivated the referral. Sourced from referral.incident_type_id.,SPECIAL-CATEGORY,N,
csip_summary,VIEW,"Denormalised view over csip_record, person_summary, referral and plan used to search and paginate CSIPs. Read only - every column is sourced from the tables it joins.",next_review_date,10,date,t,,The next date the plan should be reviewed. Sourced from plan.next_review_date.,NONE,N,
csip_summary,VIEW,"Denormalised view over csip_record, person_summary, referral and plan used to search and paginate CSIPs. Read only - every column is sourced from the tables it joins.",case_manager,11,character varying(100),t,,"The case manager assigned to the plan. Free text, so not guaranteed to match user information. Sourced from plan.case_manager.",STAFF,N,
csip_summary,VIEW,"Denormalised view over csip_record, person_summary, referral and plan used to search and paginate CSIPs. Read only - every column is sourced from the tables it joins.",id,12,uuid,t,,"The CSIP record identifier, exposed as id for the search API. Sourced from csip_record.record_id.",NONE,N,
csip_summary,VIEW,"Denormalised view over csip_record, person_summary, referral and plan used to search and paginate CSIPs. Read only - every column is sourced from the tables it joins.",log_code,13,character varying(10),t,,User entered identifier for the CSIP record. Sourced from csip_record.log_code.,NONE,N,
csip_summary,VIEW,"Denormalised view over csip_record, person_summary, referral and plan used to search and paginate CSIPs. Read only - every column is sourced from the tables it joins.",closed_date,14,date,t,,The date the plan was closed. Null unless the status is CSIP_CLOSED. Sourced from plan.closed_date.,NONE,N,
csip_summary,VIEW,"Denormalised view over csip_record, person_summary, referral and plan used to search and paginate CSIPs. Read only - every column is sourced from the tables it joins.",priority,15,integer,t,,"Sort weight derived from the status code, used to order search results. Carries no meaning outside the query.",NONE,N,
csip_summary,VIEW,"Denormalised view over csip_record, person_summary, referral and plan used to search and paginate CSIPs. Read only - every column is sourced from the tables it joins.",status_code,16,character varying(32),t,,The short code of the overall CSIP status. Sourced from csip_record.status_id.,SPECIAL-CATEGORY,N,
csip_summary,VIEW,"Denormalised view over csip_record, person_summary, referral and plan used to search and paginate CSIPs. Read only - every column is sourced from the tables it joins.",status_description,17,character varying(40),t,,The description of the overall CSIP status. Sourced from csip_record.status_id.,SPECIAL-CATEGORY,N,
decision_and_actions,TABLE,Record of the decision and any actions expected as a result. Recording a decision is an optional step 4 of the CSIP process following an investigation,decision_and_actions_id,1,uuid,f,,Shared primary key with csip_record. Uses the same value as csip_record.record_id,NONE,Y,referral
decision_and_actions,TABLE,Record of the decision and any actions expected as a result. Recording a decision is an optional step 4 of the CSIP process following an investigation,conclusion,2,text,t,,The conclusion and reasons for the decision. Maps to OFFENDER_CSIP_REPORTS.INV_CONCLUSION which has a 4000 character limit,SPECIAL-CATEGORY,N,
decision_and_actions,TABLE,Record of the decision and any actions expected as a result. Recording a decision is an optional step 4 of the CSIP process following an investigation,outcome_id,3,integer,t,,Foreign key to reference data using the 'DECISION_OUTCOME_TYPE' domain for the selected decision. The reference_data.code value maps to OFFENDER_CSIP_REPORTS.INV_OUTCOME,SPECIAL-CATEGORY,N,reference_data
decision_and_actions,TABLE,Record of the decision and any actions expected as a result. Recording a decision is an optional step 4 of the CSIP process following an investigation,signed_off_by_role_id,4,integer,t,,Foreign key to reference data using the 'DECISION_SIGNER_ROLE' domain for the role of the person who signed off the decision. The reference_data.code value maps to OFFENDER_CSIP_REPORTS.INV_SIGNED_OFF_BY,NONE,N,reference_data
decision_and_actions,TABLE,Record of the decision and any actions expected as a result. Recording a decision is an optional step 4 of the CSIP process following an investigation,recorded_by,5,character varying(100),t,,The username of the user who recorded the decision. Maps to OFFENDER_CSIP_REPORTS.INV_OUTCOME_RECORDED_BY,STAFF,N,
decision_and_actions,TABLE,Record of the decision and any actions expected as a result. Recording a decision is an optional step 4 of the CSIP process following an investigation,recorded_by_display_name,6,character varying(255),t,,The first and last name of the user who recorded the decision. Does not update if their name changes,STAFF,N,
decision_and_actions,TABLE,Record of the decision and any actions expected as a result. Recording a decision is an optional step 4 of the CSIP process following an investigation,date,7,date,t,,The date the decision was made. Maps to OFFENDER_CSIP_REPORTS.INV_OUTCOME_DATE,NONE,N,
decision_and_actions,TABLE,Record of the decision and any actions expected as a result. Recording a decision is an optional step 4 of the CSIP process following an investigation,next_steps,8,text,t,,The next steps that should be taken following the decision. Maps to OFFENDER_CSIP_REPORTS.INV_NEXT_STEPS which has a 4000 character limit,SPECIAL-CATEGORY,N,
decision_and_actions,TABLE,Record of the decision and any actions expected as a result. Recording a decision is an optional step 4 of the CSIP process following an investigation,actions,9,character varying[],f,,"An enumeration of actions that have been recommended. CSIP to NOMIS mappings: 'OPEN_CSIP_ALERT' -> OFFENDER_CSIP_REPORTS.OPEN_CSIP_ALERT, 'NON_ASSOCIATIONS_UPDATED' -> OFFENDER_CSIP_REPORTS.INV_NON_ASSOC_BOOKED, 'OBSERVATION_BOOK' -> OFFENDER_CSIP_REPORTS.INV_OBSERVATION_BOOK, 'UNIT_OR_CELL_MOVE' -> OFFENDER_CSIP_REPORTS.INV_MOVE, 'CSRA_OR_RSRA_REVIEW' -> OFFENDER_CSIP_REPORTS.INV_REVIEW, 'SERVICE_REFERRAL' -> OFFENDER_CSIP_REPORTS.INV_SERVICE_REFERRAL, 'SIM_REFERRAL' -> OFFENDER_CSIP_REPORTS.INV_SIM_REFERRAL. Only populated via NOMIS and retained for sync and reporting",SPECIAL-CATEGORY,N,
decision_and_actions,TABLE,Record of the decision and any actions expected as a result. Recording a decision is an optional step 4 of the CSIP process following an investigation,action_other,10,text,t,,Any other actions that are recommended to be considered. Maps to OFFENDER_CSIP_REPORTS.INV_OTHER which has a 4000 character limit,SPECIAL-CATEGORY,N,
decision_and_actions,TABLE,Record of the decision and any actions expected as a result. Recording a decision is an optional step 4 of the CSIP process following an investigation,version,11,integer,f,,Supports optimistic locking preventing unnecessary select queries for new entities,NONE,N,
decision_and_actions_audit,TABLE,Decision and actions property changes,rev_id,1,bigint,f,,Foreign key to audit_revision. Identifies the revision this row belongs to.,NONE,Y,audit_revision
decision_and_actions_audit,TABLE,Decision and actions property changes,rev_type,2,smallint,f,,"Type of change; 0 -> entity was created, 1 -> entity was updated, 2 -> entity was deleted",NONE,N,
decision_and_actions_audit,TABLE,Decision and actions property changes,decision_and_actions_id,3,uuid,f,,Audit history of decision_and_actions.decision_and_actions_id. Holds the value as at this revision.,NONE,Y,
decision_and_actions_audit,TABLE,Decision and actions property changes,conclusion,4,text,t,,Audit history of decision_and_actions.conclusion. Holds the value as at this revision.,SPECIAL-CATEGORY,N,
decision_and_actions_audit,TABLE,Decision and actions property changes,outcome_id,5,bigint,t,,Audit history of decision_and_actions.outcome_id. Holds the value as at this revision.,SPECIAL-CATEGORY,N,
decision_and_actions_audit,TABLE,Decision and actions property changes,signed_off_by_role_id,6,bigint,t,,Audit history of decision_and_actions.signed_off_by_role_id. Holds the value as at this revision.,NONE,N,
decision_and_actions_audit,TABLE,Decision and actions property changes,recorded_by,7,character varying(64),t,,Audit history of decision_and_actions.recorded_by. Holds the value as at this revision.,STAFF,N,
decision_and_actions_audit,TABLE,Decision and actions property changes,recorded_by_display_name,8,character varying(255),t,,Audit history of decision_and_actions.recorded_by_display_name. Holds the value as at this revision.,STAFF,N,
decision_and_actions_audit,TABLE,Decision and actions property changes,date,9,date,t,,Audit history of decision_and_actions.date. Holds the value as at this revision.,NONE,N,
decision_and_actions_audit,TABLE,Decision and actions property changes,next_steps,10,text,t,,Audit history of decision_and_actions.next_steps. Holds the value as at this revision.,SPECIAL-CATEGORY,N,
decision_and_actions_audit,TABLE,Decision and actions property changes,actions,11,character varying[],t,,Audit history of decision_and_actions.actions. Holds the value as at this revision.,SPECIAL-CATEGORY,N,
decision_and_actions_audit,TABLE,Decision and actions property changes,action_other,12,text,t,,Audit history of decision_and_actions.action_other. Holds the value as at this revision.,SPECIAL-CATEGORY,N,
decision_and_actions_audit,TABLE,Decision and actions property changes,conclusion_modified,19,boolean,t,,Whether conclusion was changed in this revision.,NONE,N,
decision_and_actions_audit,TABLE,Decision and actions property changes,outcome_modified,20,boolean,t,,Whether outcome was changed in this revision.,NONE,N,
decision_and_actions_audit,TABLE,Decision and actions property changes,signed_off_by_modified,21,boolean,t,,Whether signed off by was changed in this revision.,NONE,N,
decision_and_actions_audit,TABLE,Decision and actions property changes,recorded_by_modified,22,boolean,t,,Whether recorded by was changed in this revision.,NONE,N,
decision_and_actions_audit,TABLE,Decision and actions property changes,recorded_by_display_name_modified,23,boolean,t,,Whether recorded by display name was changed in this revision.,NONE,N,
decision_and_actions_audit,TABLE,Decision and actions property changes,date_modified,24,boolean,t,,Whether date was changed in this revision.,NONE,N,
decision_and_actions_audit,TABLE,Decision and actions property changes,next_steps_modified,25,boolean,t,,Whether next steps was changed in this revision.,NONE,N,
decision_and_actions_audit,TABLE,Decision and actions property changes,actions_modified,26,boolean,t,,Whether actions was changed in this revision.,NONE,N,
decision_and_actions_audit,TABLE,Decision and actions property changes,action_other_modified,27,boolean,t,,Whether action other was changed in this revision.,NONE,N,
identified_need,TABLE,The needs identified in the plan or at subsequent reviews. Includes the plan to resolve the identified need and the progression of that plan,identified_need_id,1,uuid,f,,Public primary key,NONE,Y,
identified_need,TABLE,The needs identified in the plan or at subsequent reviews. Includes the plan to resolve the identified need and the progression of that plan,plan_id,2,uuid,f,,Parent plan foreign key which is the shared primary key with csip_record and therefore uses the same value as csip_record.record_id,NONE,N,plan
identified_need,TABLE,The needs identified in the plan or at subsequent reviews. Includes the plan to resolve the identified need and the progression of that plan,identified_need,3,text,f,,Details of the need identified in the CSIP plan. Maps to OFFENDER_CSIP_PLANS.IDENTIFIED_NEED which has a 1000 character limit,SPECIAL-CATEGORY,N,
identified_need,TABLE,The needs identified in the plan or at subsequent reviews. Includes the plan to resolve the identified need and the progression of that plan,responsible_person,4,character varying(100),f,,The name of the person who is responsible for taking action on the intervention. Free text so not guaranteed to match any user information. Maps to OFFENDER_CSIP_PLANS.BY_WHOM which has a 100 character limit,STAFF,N,
identified_need,TABLE,The needs identified in the plan or at subsequent reviews. Includes the plan to resolve the identified need and the progression of that plan,created_date,5,date,f,,The date the need was identified. Maps to OFFENDER_CSIP_PLANS.CREATE_DATE,NONE,N,
identified_need,TABLE,The needs identified in the plan or at subsequent reviews. Includes the plan to resolve the identified need and the progression of that plan,target_date,6,date,f,,The target date the need should be progressed or resolved. Maps to OFFENDER_CSIP_PLANS.TARGET_DATE,NONE,N,
identified_need,TABLE,The needs identified in the plan or at subsequent reviews. Includes the plan to resolve the identified need and the progression of that plan,closed_date,7,date,t,,The date the identified need was resolved and closed. Maps to OFFENDER_CSIP_PLANS.CLOSED_DATE,NONE,N,
identified_need,TABLE,The needs identified in the plan or at subsequent reviews. Includes the plan to resolve the identified need and the progression of that plan,intervention,8,text,f,,The planned intervention for the identified need. Maps to OFFENDER_CSIP_PLANS.INTERVENTION which has a 4000 character limit,SPECIAL-CATEGORY,N,
identified_need,TABLE,The needs identified in the plan or at subsequent reviews. Includes the plan to resolve the identified need and the progression of that plan,progression,9,text,t,,How the plan to address the identified need is progressing. Maps to OFFENDER_CSIP_PLANS.PROGRESSION which has a 4000 character limit,SPECIAL-CATEGORY,N,
identified_need,TABLE,The needs identified in the plan or at subsequent reviews. Includes the plan to resolve the identified need and the progression of that plan,version,10,integer,f,,Supports optimistic locking preventing unnecessary select queries for new entities,NONE,N,
identified_need,TABLE,The needs identified in the plan or at subsequent reviews. Includes the plan to resolve the identified need and the progression of that plan,legacy_id,17,bigint,t,,The NOMIS OFFENDER_CSIP_PLANS.PLAN_ID primary key value. Stored to guarantee uniqueness via sync. Not returned by API,NONE,N,
identified_need_audit,TABLE,Identified needs property changes,rev_id,1,bigint,f,,Foreign key to audit_revision. Identifies the revision this row belongs to.,NONE,Y,audit_revision
identified_need_audit,TABLE,Identified needs property changes,rev_type,2,smallint,f,,"Type of change; 0 -> entity was created, 1 -> entity was updated, 2 -> entity was deleted",NONE,N,
identified_need_audit,TABLE,Identified needs property changes,identified_need_id,3,uuid,f,,Audit history of identified_need.identified_need_id. Holds the value as at this revision.,NONE,Y,
identified_need_audit,TABLE,Identified needs property changes,plan_id,4,uuid,f,,Audit history of identified_need.plan_id. Holds the value as at this revision.,NONE,N,
identified_need_audit,TABLE,Identified needs property changes,identified_need,5,text,t,,Audit history of identified_need.identified_need. Holds the value as at this revision.,SPECIAL-CATEGORY,N,
identified_need_audit,TABLE,Identified needs property changes,responsible_person,6,character varying(100),t,,Audit history of identified_need.responsible_person. Holds the value as at this revision.,STAFF,N,
identified_need_audit,TABLE,Identified needs property changes,created_date,7,date,t,,Audit history of identified_need.created_date. Holds the value as at this revision.,NONE,N,
identified_need_audit,TABLE,Identified needs property changes,target_date,8,date,t,,Audit history of identified_need.target_date. Holds the value as at this revision.,NONE,N,
identified_need_audit,TABLE,Identified needs property changes,closed_date,9,date,t,,Audit history of identified_need.closed_date. Holds the value as at this revision.,NONE,N,
identified_need_audit,TABLE,Identified needs property changes,intervention,10,text,t,,Audit history of identified_need.intervention. Holds the value as at this revision.,SPECIAL-CATEGORY,N,
identified_need_audit,TABLE,Identified needs property changes,progression,11,text,t,,Audit history of identified_need.progression. Holds the value as at this revision.,SPECIAL-CATEGORY,N,
identified_need_audit,TABLE,Identified needs property changes,identified_need_modified,18,boolean,t,,Whether identified need was changed in this revision.,NONE,N,
identified_need_audit,TABLE,Identified needs property changes,responsible_person_modified,19,boolean,t,,Whether responsible person was changed in this revision.,NONE,N,
identified_need_audit,TABLE,Identified needs property changes,created_date_modified,20,boolean,t,,Whether created date was changed in this revision.,NONE,N,
identified_need_audit,TABLE,Identified needs property changes,target_date_modified,21,boolean,t,,Whether target date was changed in this revision.,NONE,N,
identified_need_audit,TABLE,Identified needs property changes,closed_date_modified,22,boolean,t,,Whether closed date was changed in this revision.,NONE,N,
identified_need_audit,TABLE,Identified needs property changes,intervention_modified,23,boolean,t,,Whether intervention was changed in this revision.,NONE,N,
identified_need_audit,TABLE,Identified needs property changes,progression_modified,24,boolean,t,,Whether progression was changed in this revision.,NONE,N,
identified_need_audit,TABLE,Identified needs property changes,legacy_id,25,bigint,t,,Audit history of identified_need.legacy_id. Holds the value as at this revision.,NONE,N,
interview,TABLE,The interviews undertaken as part of the investigation,interview_id,1,uuid,f,,Public primary key,NONE,Y,
interview,TABLE,The interviews undertaken as part of the investigation,investigation_id,2,uuid,f,,Parent investigation foreign key which is the shared primary key with csip_record and therefore uses the same value as csip_record.record_id,NONE,N,investigation
interview,TABLE,The interviews undertaken as part of the investigation,interviewee,3,character varying(100),f,,Name of the person being interviewed. Free text so not guaranteed to match any user information. Maps to OFFENDER_CSIP_INTVW.CSIP_INTERVIEWEE which has a 100 character limit,PERSONAL,N,
interview,TABLE,The interviews undertaken as part of the investigation,interview_date,4,date,f,,The date the interview took place. Maps to OFFENDER_CSIP_INTVW.INTVW_DATE,NONE,N,
interview,TABLE,The interviews undertaken as part of the investigation,interviewee_role_id,5,integer,f,,Foreign key to reference data using the 'INTERVIEWEE_ROLE' domain for the role the interviewee played in the incident or behaviour. Maps to OFFENDER_CSIP_INTVW.INTVW_ROLE,SPECIAL-CATEGORY,N,reference_data
interview,TABLE,The interviews undertaken as part of the investigation,interview_text,6,text,t,,Information provided in interview. Maps to OFFENDER_CSIP_INTVW.COMMENTS which has a 4000 character limit,SPECIAL-CATEGORY,N,
interview,TABLE,The interviews undertaken as part of the investigation,version,7,integer,f,,Supports optimistic locking preventing unnecessary select queries for new entities,NONE,N,
interview,TABLE,The interviews undertaken as part of the investigation,legacy_id,14,bigint,t,,The NOMIS OFFENDER_CSIP_INTVW.CSIP_INTVW_ID primary key value. Stored to guarantee uniqueness via sync. Not returned by API,NONE,N,
interview_audit,TABLE,Interview property changes,rev_id,1,bigint,f,,Foreign key to audit_revision. Identifies the revision this row belongs to.,NONE,Y,audit_revision
interview_audit,TABLE,Interview property changes,rev_type,2,smallint,f,,"Type of change; 0 -> entity was created, 1 -> entity was updated, 2 -> entity was deleted",NONE,N,
interview_audit,TABLE,Interview property changes,interview_id,3,uuid,f,,Audit history of interview.interview_id. Holds the value as at this revision.,NONE,Y,
interview_audit,TABLE,Interview property changes,investigation_id,4,uuid,f,,Audit history of interview.investigation_id. Holds the value as at this revision.,NONE,N,
interview_audit,TABLE,Interview property changes,interviewee,5,character varying(100),t,,Audit history of interview.interviewee. Holds the value as at this revision.,PERSONAL,N,
interview_audit,TABLE,Interview property changes,interview_date,6,date,t,,Audit history of interview.interview_date. Holds the value as at this revision.,NONE,N,
interview_audit,TABLE,Interview property changes,interviewee_role_id,7,bigint,t,,Audit history of interview.interviewee_role_id. Holds the value as at this revision.,SPECIAL-CATEGORY,N,
interview_audit,TABLE,Interview property changes,interview_text,8,text,t,,Audit history of interview.interview_text. Holds the value as at this revision.,SPECIAL-CATEGORY,N,
interview_audit,TABLE,Interview property changes,interviewee_modified,15,boolean,t,,Whether interviewee was changed in this revision.,NONE,N,
interview_audit,TABLE,Interview property changes,interview_date_modified,16,boolean,t,,Whether interview date was changed in this revision.,NONE,N,
interview_audit,TABLE,Interview property changes,interviewee_role_modified,17,boolean,t,,Whether interviewee role was changed in this revision.,NONE,N,
interview_audit,TABLE,Interview property changes,interview_text_modified,18,boolean,t,,Whether interview text was changed in this revision.,NONE,N,
interview_audit,TABLE,Interview property changes,legacy_id,19,bigint,t,,Audit history of interview.legacy_id. Holds the value as at this revision.,NONE,N,
investigation,TABLE,The investigation that took place following a 'Progress to investigation' screening outcome. Investigations are an optional step 3 of the CSIP process,investigation_id,1,uuid,f,,Shared primary key with csip_record. Uses the same value as csip_record.record_id,NONE,Y,referral
investigation,TABLE,The investigation that took place following a 'Progress to investigation' screening outcome. Investigations are an optional step 3 of the CSIP process,staff_involved,2,text,t,,The names of the staff involved in the investigation. Maps to OFFENDER_CSIP_REPORTS.INV_STAFF_INVOLVED which has a 4000 character limit,SPECIAL-CATEGORY,N,
investigation,TABLE,The investigation that took place following a 'Progress to investigation' screening outcome. Investigations are an optional step 3 of the CSIP process,evidence_secured,3,text,t,,Any evidence that was secured as part of the investigation. Maps to OFFENDER_CSIP_REPORTS.INV_EVIDENCE_SECURED which has a 4000 character limit,SPECIAL-CATEGORY,N,
investigation,TABLE,The investigation that took place following a 'Progress to investigation' screening outcome. Investigations are an optional step 3 of the CSIP process,occurrence_reason,4,text,t,,The reasons why the incident or behaviour occurred. Maps to OFFENDER_CSIP_REPORTS.INV_OCCURRENCE_REASON which has a 4000 character limit,SPECIAL-CATEGORY,N,
investigation,TABLE,The investigation that took place following a 'Progress to investigation' screening outcome. Investigations are an optional step 3 of the CSIP process,persons_usual_behaviour,5,text,t,,The normal behaviour of the person in prison. Maps to OFFENDER_CSIP_REPORTS.INV_USUAL_BEHAVIOUR which has a 4000 character limit,SPECIAL-CATEGORY,N,
investigation,TABLE,The investigation that took place following a 'Progress to investigation' screening outcome. Investigations are an optional step 3 of the CSIP process,persons_trigger,6,text,t,,What triggers the person in prison has that could have motivated the incident. Maps to OFFENDER_CSIP_REPORTS.INV_PERSONS_TRIGGER which has a 4000 character limit,SPECIAL-CATEGORY,N,
investigation,TABLE,The investigation that took place following a 'Progress to investigation' screening outcome. Investigations are an optional step 3 of the CSIP process,protective_factors,7,text,t,,Any protective factors. Maps to OFFENDER_CSIP_REPORTS.INV_PROTECTIVE_FACTORS which has a 4000 character limit,SPECIAL-CATEGORY,N,
investigation,TABLE,The investigation that took place following a 'Progress to investigation' screening outcome. Investigations are an optional step 3 of the CSIP process,version,11,integer,f,,Supports optimistic locking preventing unnecessary select queries for new entities,NONE,N,
investigation,TABLE,The investigation that took place following a 'Progress to investigation' screening outcome. Investigations are an optional step 3 of the CSIP process,recorded_by,15,character varying(64),t,,The username of the user who recorded the investigation. New field populated from 13th of February 2025 and only via DPS,STAFF,N,
investigation,TABLE,The investigation that took place following a 'Progress to investigation' screening outcome. Investigations are an optional step 3 of the CSIP process,recorded_by_display_name,16,character varying(255),t,,The first and last name of the user who recorded the investigation. New field populated from 13th of February 2025 and only via DPS. Does not update if their name changes,STAFF,N,
investigation_audit,TABLE,Investigation property changes,rev_id,1,bigint,f,,Foreign key to audit_revision. Identifies the revision this row belongs to.,NONE,Y,audit_revision
investigation_audit,TABLE,Investigation property changes,rev_type,2,smallint,f,,"Type of change; 0 -> entity was created, 1 -> entity was updated, 2 -> entity was deleted",NONE,N,
investigation_audit,TABLE,Investigation property changes,investigation_id,3,uuid,f,,Audit history of investigation.investigation_id. Holds the value as at this revision.,NONE,Y,
investigation_audit,TABLE,Investigation property changes,staff_involved,4,text,t,,Audit history of investigation.staff_involved. Holds the value as at this revision.,SPECIAL-CATEGORY,N,
investigation_audit,TABLE,Investigation property changes,evidence_secured,5,text,t,,Audit history of investigation.evidence_secured. Holds the value as at this revision.,SPECIAL-CATEGORY,N,
investigation_audit,TABLE,Investigation property changes,occurrence_reason,6,text,t,,Audit history of investigation.occurrence_reason. Holds the value as at this revision.,SPECIAL-CATEGORY,N,
investigation_audit,TABLE,Investigation property changes,persons_usual_behaviour,7,text,t,,Audit history of investigation.persons_usual_behaviour. Holds the value as at this revision.,SPECIAL-CATEGORY,N,
investigation_audit,TABLE,Investigation property changes,persons_trigger,8,text,t,,Audit history of investigation.persons_trigger. Holds the value as at this revision.,SPECIAL-CATEGORY,N,
investigation_audit,TABLE,Investigation property changes,protective_factors,9,text,t,,Audit history of investigation.protective_factors. Holds the value as at this revision.,SPECIAL-CATEGORY,N,
investigation_audit,TABLE,Investigation property changes,staff_involved_modified,16,boolean,t,,Whether staff involved was changed in this revision.,NONE,N,
investigation_audit,TABLE,Investigation property changes,evidence_secured_modified,17,boolean,t,,Whether evidence secured was changed in this revision.,NONE,N,
investigation_audit,TABLE,Investigation property changes,occurrence_reason_modified,18,boolean,t,,Whether occurrence reason was changed in this revision.,NONE,N,
investigation_audit,TABLE,Investigation property changes,persons_usual_behaviour_modified,19,boolean,t,,Whether persons usual behaviour was changed in this revision.,NONE,N,
investigation_audit,TABLE,Investigation property changes,persons_trigger_modified,20,boolean,t,,Whether persons trigger was changed in this revision.,NONE,N,
investigation_audit,TABLE,Investigation property changes,protective_factors_modified,21,boolean,t,,Whether protective factors was changed in this revision.,NONE,N,
investigation_audit,TABLE,Investigation property changes,recorded_by,22,character varying(64),t,,Audit history of investigation.recorded_by. Holds the value as at this revision.,STAFF,N,
investigation_audit,TABLE,Investigation property changes,recorded_by_display_name,23,character varying(255),t,,Audit history of investigation.recorded_by_display_name. Holds the value as at this revision.,STAFF,N,
investigation_audit,TABLE,Investigation property changes,recorded_by_modified,24,boolean,t,,Whether recorded by was changed in this revision.,NONE,N,
investigation_audit,TABLE,Investigation property changes,recorded_by_display_name_modified,25,boolean,t,,Whether recorded by display name was changed in this revision.,NONE,N,
person_summary,TABLE,Summary data for people with CSIPs. Used to optimise searching and pagination. Domain events cause the summary data to be updated keeping it accurate,prison_number,1,character varying(10),f,,The prison number of the person the summary data is associated with,PERSONAL,Y,
person_summary,TABLE,Summary data for people with CSIPs. Used to optimise searching and pagination. Domain events cause the summary data to be updated keeping it accurate,first_name,2,character varying(64),f,,The first name of the person,PERSONAL,N,
person_summary,TABLE,Summary data for people with CSIPs. Used to optimise searching and pagination. Domain events cause the summary data to be updated keeping it accurate,last_name,3,character varying(64),f,,The last name of the person,PERSONAL,N,
person_summary,TABLE,Summary data for people with CSIPs. Used to optimise searching and pagination. Domain events cause the summary data to be updated keeping it accurate,status,4,character varying(16),f,,The active/inactive in/out status of the person,PERSONAL,N,
person_summary,TABLE,Summary data for people with CSIPs. Used to optimise searching and pagination. Domain events cause the summary data to be updated keeping it accurate,prison_code,5,character varying(16),t,,The code of the prison the person is resident at or TRN/OUT if they are not in prison,PERSONAL,N,
person_summary,TABLE,Summary data for people with CSIPs. Used to optimise searching and pagination. Domain events cause the summary data to be updated keeping it accurate,cell_location,6,character varying(64),t,,The cell location of the person if they are currently in prison or an alternative location reference,PERSONAL,N,
person_summary,TABLE,Summary data for people with CSIPs. Used to optimise searching and pagination. Domain events cause the summary data to be updated keeping it accurate,version,7,integer,f,,Supports optimistic locking preventing unnecessary select queries for new entities,NONE,N,
person_summary,TABLE,Summary data for people with CSIPs. Used to optimise searching and pagination. Domain events cause the summary data to be updated keeping it accurate,restricted_patient,8,boolean,f,false,Whether the person is a restricted patient,SPECIAL-CATEGORY,N,
person_summary,TABLE,Summary data for people with CSIPs. Used to optimise searching and pagination. Domain events cause the summary data to be updated keeping it accurate,supporting_prison_code,9,character varying(16),t,,The code of the prison a restricted patient is being supported by,SPECIAL-CATEGORY,N,
plan,TABLE,The plan that was developed following a screening outcome or decision to 'Progress to CSIP'. Developing a plan is step 5 of the CSIP process,plan_id,1,uuid,f,,Shared primary key with csip_record. Uses the same value as csip_record.record_id,NONE,Y,csip_record
plan,TABLE,The plan that was developed following a screening outcome or decision to 'Progress to CSIP'. Developing a plan is step 5 of the CSIP process,case_manager,2,character varying(100),t,,The case manager assigned to the CSIP plan. Free text so not guaranteed to match any user information. Maps to OFFENDER_CSIP_REPORTS.CASE_MANAGER which has a 100 character limit,STAFF,N,
plan,TABLE,The plan that was developed following a screening outcome or decision to 'Progress to CSIP'. Developing a plan is step 5 of the CSIP process,reason_for_plan,3,character varying(240),t,,The reasons motivating the creation of a CSIP plan. Maps to OFFENDER_CSIP_REPORTS.REASON which has a 240 character limit,SPECIAL-CATEGORY,N,
plan,TABLE,The plan that was developed following a screening outcome or decision to 'Progress to CSIP'. Developing a plan is step 5 of the CSIP process,first_case_review_date,4,date,t,,The first date the CSIP plan should be reviewed. Maps to OFFENDER_CSIP_REPORTS.CASE_REV_DATE,NONE,N,
plan,TABLE,The plan that was developed following a screening outcome or decision to 'Progress to CSIP'. Developing a plan is step 5 of the CSIP process,version,5,integer,f,,Supports optimistic locking preventing unnecessary select queries for new entities,NONE,N,
plan,TABLE,The plan that was developed following a screening outcome or decision to 'Progress to CSIP'. Developing a plan is step 5 of the CSIP process,next_review_date,12,date,t,,The next date the plan should be reviewed. Set as the review.review_date value from the latest review. On the plan entity for query optimisation,NONE,N,
plan,TABLE,The plan that was developed following a screening outcome or decision to 'Progress to CSIP'. Developing a plan is step 5 of the CSIP process,closed_date,13,date,t,,The date the plan was closed. Set as the review.csip_closed_date value from the first review containing an action to close the CSIP. On the plan entity for query optimisation,NONE,N,
plan_audit,TABLE,Plan property changes,rev_id,1,bigint,f,,Foreign key to audit_revision. Identifies the revision this row belongs to.,NONE,Y,audit_revision
plan_audit,TABLE,Plan property changes,rev_type,2,smallint,f,,"Type of change; 0 -> entity was created, 1 -> entity was updated, 2 -> entity was deleted",NONE,N,
plan_audit,TABLE,Plan property changes,plan_id,3,uuid,f,,Audit history of plan.plan_id. Holds the value as at this revision.,NONE,Y,
plan_audit,TABLE,Plan property changes,case_manager,4,character varying(100),t,,Audit history of plan.case_manager. Holds the value as at this revision.,STAFF,N,
plan_audit,TABLE,Plan property changes,reason_for_plan,5,character varying(240),t,,Audit history of plan.reason_for_plan. Holds the value as at this revision.,SPECIAL-CATEGORY,N,
plan_audit,TABLE,Plan property changes,first_case_review_date,6,date,t,,Audit history of plan.first_case_review_date. Holds the value as at this revision.,NONE,N,
plan_audit,TABLE,Plan property changes,case_manager_modified,13,boolean,t,,Whether case manager was changed in this revision.,NONE,N,
plan_audit,TABLE,Plan property changes,reason_for_plan_modified,14,boolean,t,,Whether reason for plan was changed in this revision.,NONE,N,
plan_audit,TABLE,Plan property changes,first_case_review_date_modified,15,boolean,t,,Whether first case review date was changed in this revision.,NONE,N,
reference_data,TABLE,"Reference data used to populate properties that have fixed lists of valid options e.g. categories, decisions and statuses",reference_data_id,1,bigint,f,nextval('reference_data_reference_data_id_seq'::regclass),Internal primary key. Not returned by API,NONE,Y,
reference_data,TABLE,"Reference data used to populate properties that have fixed lists of valid options e.g. categories, decisions and statuses",domain,2,character varying(30),f,,"The reference data domain. CSIP to NOMIS mappings: AREA_OF_WORK -> CSIP_FUNC, CONTRIBUTORY_FACTOR_TYPE -> CSIP_FAC, DECISION_OUTCOME_TYPE -> CSIP_OUT, DECISION_SIGNER_ROLE -> CSIP_ROLE, INCIDENT_INVOLVEMENT -> CSIP_INV, INCIDENT_LOCATION -> CSIP_LOC, INCIDENT_TYPE -> CSIP_TYP, INTERVIEWEE_ROLE -> CSIP_INTVROL, SCREENING_OUTCOME_TYPE -> CSIP_OUT, STATUS -> CSIP only domain",NONE,N,
reference_data,TABLE,"Reference data used to populate properties that have fixed lists of valid options e.g. categories, decisions and statuses",code,3,character varying(32),f,,The short code for the reference data item. Combination of domain and code is unique but individual codes are not guaranteed to be unique across domains. Matches the NOMIS reference data code for the associated domain,NONE,N,
reference_data,TABLE,"Reference data used to populate properties that have fixed lists of valid options e.g. categories, decisions and statuses",description,4,character varying(40),t,,The description of the reference data item,NONE,N,
reference_data,TABLE,"Reference data used to populate properties that have fixed lists of valid options e.g. categories, decisions and statuses",list_sequence,5,integer,t,,Used to order reference data to guarantee the ordering for the UI,NONE,N,
reference_data,TABLE,"Reference data used to populate properties that have fixed lists of valid options e.g. categories, decisions and statuses",created_at,6,timestamp without time zone,f,,The date and time the reference data item was created,NONE,N,
reference_data,TABLE,"Reference data used to populate properties that have fixed lists of valid options e.g. categories, decisions and statuses",created_by,7,character varying(32),f,,The username of the user who created the reference data item,STAFF,N,
reference_data,TABLE,"Reference data used to populate properties that have fixed lists of valid options e.g. categories, decisions and statuses",last_modified_at,8,timestamp without time zone,t,,The date and time the reference data item was last modified,NONE,N,
reference_data,TABLE,"Reference data used to populate properties that have fixed lists of valid options e.g. categories, decisions and statuses",last_modified_by,9,character varying(32),t,,The username of the user who last modified the reference data item,STAFF,N,
reference_data,TABLE,"Reference data used to populate properties that have fixed lists of valid options e.g. categories, decisions and statuses",deactivated_at,10,timestamp without time zone,t,,The date and time the reference data item was deactivated,NONE,N,
reference_data,TABLE,"Reference data used to populate properties that have fixed lists of valid options e.g. categories, decisions and statuses",deactivated_by,11,character varying(32),t,,The username of the user who deactivated the reference data item,STAFF,N,
referral,TABLE,The referral that caused the CSIP record to be created. Referrals are step 1 of the CSIP process,referral_id,1,uuid,f,,Shared primary key with csip_record. Uses the same value as csip_record.record_id,NONE,Y,csip_record
referral,TABLE,The referral that caused the CSIP record to be created. Referrals are step 1 of the CSIP process,incident_date,2,date,f,,The date the incident that motivated the CSIP referral occurred. Will be displayed on the UI as date behaviour first occurred for a proactive referral Maps to OFFENDER_CSIP_REPORTS.RFR_INCIDENT_DATE,NONE,N,
referral,TABLE,The referral that caused the CSIP record to be created. Referrals are step 1 of the CSIP process,incident_time,3,time without time zone,t,,The time the incident that motivated the CSIP referral occurred. Will be displayed on the UI as time behaviour first occurred for a proactive referral. Maps to OFFENDER_CSIP_REPORTS.RFR_INCIDENT_TIME,NONE,N,
referral,TABLE,The referral that caused the CSIP record to be created. Referrals are step 1 of the CSIP process,incident_type_id,4,integer,f,,Foreign key to reference data using the 'INCIDENT_TYPE' domain for the type of incident (or behavior for a proactive referral) that motivated the referral. The reference_data.code value maps to OFFENDER_CSIP_REPORTS.RFR_INCIDENT_TYPE,SPECIAL-CATEGORY,N,reference_data
referral,TABLE,The referral that caused the CSIP record to be created. Referrals are step 1 of the CSIP process,incident_location_id,5,integer,f,,Foreign key to reference data using the 'INCIDENT_LOCATION' domain for the location of the incident (or behavior for a proactive referral) that motivated the referral. The reference_data.code value maps to OFFENDER_CSIP_REPORTS.RFR_INCIDENT_LOCATION,PERSONAL,N,reference_data
referral,TABLE,The referral that caused the CSIP record to be created. Referrals are step 1 of the CSIP process,referred_by,6,character varying(240),f,,Either the display name of the user making the referral or free text if making the referral on behalf of someone else. Therefore not guaranteed to match user information. Maps to OFFENDER_CSIP_REPORTS.RFR_REPORTED_BY,STAFF,N,
referral,TABLE,The referral that caused the CSIP record to be created. Referrals are step 1 of the CSIP process,referer_area_of_work_id,7,integer,f,,Foreign key to reference data using the 'AREA_OF_WORK' domain for the area of work of the person making the referral. The reference_data.code value maps to OFFENDER_CSIP_REPORTS.RFR_CSIP_FUNCTION,NONE,N,reference_data
referral,TABLE,The referral that caused the CSIP record to be created. Referrals are step 1 of the CSIP process,referral_date,8,date,f,,The date the referral was submitted. Set to today by the UI. Maps to OFFENDER_CSIP_REPORTS.RFR_DATE_REPORTED,NONE,N,
referral,TABLE,The referral that caused the CSIP record to be created. Referrals are step 1 of the CSIP process,proactive_referral,9,boolean,t,,Whether the referral was proactive or the result of an incident. Maps to OFFENDER_CSIP_REPORTS.RFR_PROACTIVE_RESPONSE where the default is 'N',NONE,N,
referral,TABLE,The referral that caused the CSIP record to be created. Referrals are step 1 of the CSIP process,staff_assaulted,10,boolean,t,,Whether any member(s) of staff assaulted in the incident. Maps to OFFENDER_CSIP_REPORTS.RFR_STAFF_ASSAULTED where the default is 'N',SPECIAL-CATEGORY,N,
referral,TABLE,The referral that caused the CSIP record to be created. Referrals are step 1 of the CSIP process,assaulted_staff_name,11,text,t,,Names of any assaulted member(s) of staff. Maps to OFFENDER_CSIP_REPORTS.RFR_STAFF_NAME which has a 1000 character limit,SPECIAL-CATEGORY,N,
referral,TABLE,The referral that caused the CSIP record to be created. Referrals are step 1 of the CSIP process,incident_involvement_id,12,integer,t,,Foreign key to reference data using the 'INCIDENT_INVOLVEMENT' domain for the type of involvement the person had in the incident (or behavior for a proactive referral). The reference_data.code value maps to OFFENDER_CSIP_REPORTS.CDR_INVOLVEMENT,SPECIAL-CATEGORY,N,reference_data
referral,TABLE,The referral that caused the CSIP record to be created. Referrals are step 1 of the CSIP process,description_of_concern,13,text,t,,The reasons why there is cause for concern. Maps to OFFENDER_CSIP_REPORTS.CDR_CONCERN_DESCRIPTION which has a 4000 character limit,SPECIAL-CATEGORY,N,
referral,TABLE,The referral that caused the CSIP record to be created. Referrals are step 1 of the CSIP process,known_reasons,14,text,t,,The reasons already known about the causes of the incident or behaviour. Maps to OFFENDER_CSIP_REPORTS.INV_KNOWN_REASONS which has a 4000 character limit,SPECIAL-CATEGORY,N,
referral,TABLE,The referral that caused the CSIP record to be created. Referrals are step 1 of the CSIP process,other_information,15,text,t,,Any other information about the incident or behaviour. Maps to OFFENDER_CSIP_REPORTS.CDR_OTHER_INFORMATION which has a 4000 character limit,SPECIAL-CATEGORY,N,
referral,TABLE,The referral that caused the CSIP record to be created. Referrals are step 1 of the CSIP process,safer_custody_team_informed,16,character varying(12),t,,Records whether the safer custody team been informed. Maps to OFFENDER_CSIP_REPORTS.CDR_SENT_DENT where the default is 'N',NONE,N,
referral,TABLE,The referral that caused the CSIP record to be created. Referrals are step 1 of the CSIP process,referral_complete,17,boolean,t,,Whether the referral complete. Will be true when DPS is used to make a referral. Maps to OFFENDER_CSIP_REPORTS.REFERRAL_COMPLETE_FLAG where the default is 'N',NONE,N,
referral,TABLE,The referral that caused the CSIP record to be created. Referrals are step 1 of the CSIP process,referral_completed_by,18,character varying(64),t,,The username of the user who completed the referral. Maps to OFFENDER_CSIP_REPORTS.REFERRAL_COMPLETED_BY,STAFF,N,
referral,TABLE,The referral that caused the CSIP record to be created. Referrals are step 1 of the CSIP process,referral_completed_by_display_name,19,character varying(255),t,,The first and last name of the user who completed the referral. Does not update if their name changes,STAFF,N,
referral,TABLE,The referral that caused the CSIP record to be created. Referrals are step 1 of the CSIP process,referral_completed_date,20,date,t,,The date the referral was completed. Will be set to today when DPS is used to make a referral. Maps to OFFENDER_CSIP_REPORTS.REFERRAL_COMPLETED_DATE,NONE,N,
referral,TABLE,The referral that caused the CSIP record to be created. Referrals are step 1 of the CSIP process,version,21,integer,f,,Supports optimistic locking preventing unnecessary select queries for new entities,NONE,N,
referral_audit,TABLE,Referral property changes,rev_id,1,bigint,f,,Foreign key to audit_revision. Identifies the revision this row belongs to.,NONE,Y,audit_revision
referral_audit,TABLE,Referral property changes,rev_type,2,smallint,f,,"Type of change; 0 -> entity was created, 1 -> entity was updated, 2 -> entity was deleted",NONE,N,
referral_audit,TABLE,Referral property changes,referral_id,3,uuid,f,,Audit history of referral.referral_id. Holds the value as at this revision.,NONE,Y,
referral_audit,TABLE,Referral property changes,incident_date,4,date,t,,Audit history of referral.incident_date. Holds the value as at this revision.,NONE,N,
referral_audit,TABLE,Referral property changes,incident_time,5,time without time zone,t,,Audit history of referral.incident_time. Holds the value as at this revision.,NONE,N,
referral_audit,TABLE,Referral property changes,incident_type_id,6,bigint,t,,Audit history of referral.incident_type_id. Holds the value as at this revision.,SPECIAL-CATEGORY,N,
referral_audit,TABLE,Referral property changes,incident_location_id,7,bigint,t,,Audit history of referral.incident_location_id. Holds the value as at this revision.,PERSONAL,N,
referral_audit,TABLE,Referral property changes,referred_by,8,character varying(240),t,,Audit history of referral.referred_by. Holds the value as at this revision.,STAFF,N,
referral_audit,TABLE,Referral property changes,referer_area_of_work_id,9,bigint,t,,Audit history of referral.referer_area_of_work_id. Holds the value as at this revision.,NONE,N,
referral_audit,TABLE,Referral property changes,referral_date,10,date,t,,Audit history of referral.referral_date. Holds the value as at this revision.,NONE,N,
referral_audit,TABLE,Referral property changes,proactive_referral,11,boolean,t,,Audit history of referral.proactive_referral. Holds the value as at this revision.,NONE,N,
referral_audit,TABLE,Referral property changes,staff_assaulted,12,boolean,t,,Audit history of referral.staff_assaulted. Holds the value as at this revision.,SPECIAL-CATEGORY,N,
referral_audit,TABLE,Referral property changes,assaulted_staff_name,13,text,t,,Audit history of referral.assaulted_staff_name. Holds the value as at this revision.,SPECIAL-CATEGORY,N,
referral_audit,TABLE,Referral property changes,incident_involvement_id,14,bigint,t,,Audit history of referral.incident_involvement_id. Holds the value as at this revision.,SPECIAL-CATEGORY,N,
referral_audit,TABLE,Referral property changes,description_of_concern,15,text,t,,Audit history of referral.description_of_concern. Holds the value as at this revision.,SPECIAL-CATEGORY,N,
referral_audit,TABLE,Referral property changes,known_reasons,16,text,t,,Audit history of referral.known_reasons. Holds the value as at this revision.,SPECIAL-CATEGORY,N,
referral_audit,TABLE,Referral property changes,other_information,17,text,t,,Audit history of referral.other_information. Holds the value as at this revision.,SPECIAL-CATEGORY,N,
referral_audit,TABLE,Referral property changes,safer_custody_team_informed,18,character varying(12),t,,Audit history of referral.safer_custody_team_informed. Holds the value as at this revision.,NONE,N,
referral_audit,TABLE,Referral property changes,referral_complete,19,boolean,t,,Audit history of referral.referral_complete. Holds the value as at this revision.,NONE,N,
referral_audit,TABLE,Referral property changes,referral_completed_by,20,character varying(64),t,,Audit history of referral.referral_completed_by. Holds the value as at this revision.,STAFF,N,
referral_audit,TABLE,Referral property changes,referral_completed_by_display_name,21,character varying(255),t,,Audit history of referral.referral_completed_by_display_name. Holds the value as at this revision.,STAFF,N,
referral_audit,TABLE,Referral property changes,referral_completed_date,22,date,t,,Audit history of referral.referral_completed_date. Holds the value as at this revision.,NONE,N,
referral_audit,TABLE,Referral property changes,incident_date_modified,29,boolean,t,,Whether incident date was changed in this revision.,NONE,N,
referral_audit,TABLE,Referral property changes,incident_time_modified,30,boolean,t,,Whether incident time was changed in this revision.,NONE,N,
referral_audit,TABLE,Referral property changes,incident_type_modified,31,boolean,t,,Whether incident type was changed in this revision.,NONE,N,
referral_audit,TABLE,Referral property changes,incident_location_modified,32,boolean,t,,Whether incident location was changed in this revision.,NONE,N,
referral_audit,TABLE,Referral property changes,referred_by_modified,33,boolean,t,,Whether referred by was changed in this revision.,NONE,N,
referral_audit,TABLE,Referral property changes,referer_area_of_work_modified,34,boolean,t,,Whether referer area of work was changed in this revision.,NONE,N,
referral_audit,TABLE,Referral property changes,referral_date_modified,35,boolean,t,,Whether referral date was changed in this revision.,NONE,N,
referral_audit,TABLE,Referral property changes,proactive_referral_modified,36,boolean,t,,Whether proactive referral was changed in this revision.,NONE,N,
referral_audit,TABLE,Referral property changes,staff_assaulted_modified,37,boolean,t,,Whether staff assaulted was changed in this revision.,NONE,N,
referral_audit,TABLE,Referral property changes,assaulted_staff_name_modified,38,boolean,t,,Whether assaulted staff name was changed in this revision.,NONE,N,
referral_audit,TABLE,Referral property changes,incident_involvement_modified,39,boolean,t,,Whether incident involvement was changed in this revision.,NONE,N,
referral_audit,TABLE,Referral property changes,description_of_concern_modified,40,boolean,t,,Whether description of concern was changed in this revision.,NONE,N,
referral_audit,TABLE,Referral property changes,known_reasons_modified,41,boolean,t,,Whether known reasons was changed in this revision.,NONE,N,
referral_audit,TABLE,Referral property changes,other_information_modified,42,boolean,t,,Whether other information was changed in this revision.,NONE,N,
referral_audit,TABLE,Referral property changes,safer_custody_team_informed_modified,43,boolean,t,,Whether safer custody team informed was changed in this revision.,NONE,N,
referral_audit,TABLE,Referral property changes,referral_complete_modified,44,boolean,t,,Whether referral complete was changed in this revision.,NONE,N,
referral_audit,TABLE,Referral property changes,referral_completed_by_modified,45,boolean,t,,Whether referral completed by was changed in this revision.,NONE,N,
referral_audit,TABLE,Referral property changes,referral_completed_by_display_name_modified,46,boolean,t,,Whether referral completed by display name was changed in this revision.,NONE,N,
referral_audit,TABLE,Referral property changes,referral_completed_date_modified,47,boolean,t,,Whether referral completed date was changed in this revision.,NONE,N,
review,TABLE,The reviews of the plan. Plans are reviewed regularly as step 6 of the CSIP process. Plans can close the CSIP completing the CSIP process,review_id,1,uuid,f,,Public primary key,NONE,Y,
review,TABLE,The reviews of the plan. Plans are reviewed regularly as step 6 of the CSIP process. Plans can close the CSIP completing the CSIP process,plan_id,2,uuid,f,,Parent plan foreign key which is the shared primary key with csip_record and therefore uses the same value as csip_record.record_id,NONE,N,plan
review,TABLE,The reviews of the plan. Plans are reviewed regularly as step 6 of the CSIP process. Plans can close the CSIP completing the CSIP process,review_sequence,3,integer,f,,The review sequence which starts at 1 and increments for each new review. Used to order the reviews. Maps to OFFENDER_CSIP_REVIEWS.REVIEW_SEQ,NONE,N,
review,TABLE,The reviews of the plan. Plans are reviewed regularly as step 6 of the CSIP process. Plans can close the CSIP completing the CSIP process,review_date,4,date,f,,The date of the review. Maps to OFFENDER_CSIP_REVIEWS.CREATE_DATE,NONE,N,
review,TABLE,The reviews of the plan. Plans are reviewed regularly as step 6 of the CSIP process. Plans can close the CSIP completing the CSIP process,recorded_by,5,character varying(64),f,,The username of the person who recorded the review. Maps to OFFENDER_CSIP_REVIEWS.CREATE_USER,STAFF,N,
review,TABLE,The reviews of the plan. Plans are reviewed regularly as step 6 of the CSIP process. Plans can close the CSIP completing the CSIP process,recorded_by_display_name,6,character varying(255),f,,The first and last name of the user who recorded the review. Does not update if their name changes,STAFF,N,
review,TABLE,The reviews of the plan. Plans are reviewed regularly as step 6 of the CSIP process. Plans can close the CSIP completing the CSIP process,next_review_date,7,date,t,,The date of the next review. Maps to OFFENDER_CSIP_REVIEWS.NEXT_REVIEW_DATE,NONE,N,
review,TABLE,The reviews of the plan. Plans are reviewed regularly as step 6 of the CSIP process. Plans can close the CSIP completing the CSIP process,actions,8,character varying[],f,,"An enumeration of actions that should be taken following the review one of which is to close the CSIP. CSIP to NOMIS mappings: 'CLOSE_CSIP' -> OFFENDER_CSIP_REVIEWS.CLOSE_CSIP, 'REMAIN_ON_CSIP' -> OFFENDER_CSIP_REVIEWS.REMAIN_ON_CSIP, 'RESPONSIBLE_PEOPLE_INFORMED' -> OFFENDER_CSIP_REVIEWS.PEOPLE_INFORMED, 'CSIP_UPDATED' -> OFFENDER_CSIP_REVIEWS.CSIP_UPDATED, 'CASE_NOTE' -> OFFENDER_CSIP_REVIEWS.CASE_NOTE. Only CLOSE_CSIP is populated via DPS. The rest are populated via NOMIS only and retained for sync and reporting",SPECIAL-CATEGORY,N,
review,TABLE,The reviews of the plan. Plans are reviewed regularly as step 6 of the CSIP process. Plans can close the CSIP completing the CSIP process,csip_closed_date,9,date,t,,The date the CSIP plan was closed following a review outcome decision to close it. Maps to OFFENDER_CSIP_REVIEWS.CLOSE_DATE,NONE,N,
review,TABLE,The reviews of the plan. Plans are reviewed regularly as step 6 of the CSIP process. Plans can close the CSIP completing the CSIP process,summary,10,text,t,,Additional information about the review. Maps to OFFENDER_CSIP_REVIEWS.SUMMARY which has a 4000 character limit,SPECIAL-CATEGORY,N,
review,TABLE,The reviews of the plan. Plans are reviewed regularly as step 6 of the CSIP process. Plans can close the CSIP completing the CSIP process,version,11,integer,f,,Supports optimistic locking preventing unnecessary select queries for new entities,NONE,N,
review,TABLE,The reviews of the plan. Plans are reviewed regularly as step 6 of the CSIP process. Plans can close the CSIP completing the CSIP process,legacy_id,19,bigint,t,,The NOMIS OFFENDER_CSIP_REVIEWS.REVIEW_ID primary key value. Stored to guarantee uniqueness via sync. Not returned by API,NONE,N,
review_audit,TABLE,Review property changes,rev_id,1,bigint,f,,Foreign key to audit_revision. Identifies the revision this row belongs to.,NONE,Y,audit_revision
review_audit,TABLE,Review property changes,rev_type,2,smallint,f,,"Type of change; 0 -> entity was created, 1 -> entity was updated, 2 -> entity was deleted",NONE,N,
review_audit,TABLE,Review property changes,review_id,3,uuid,f,,Audit history of review.review_id. Holds the value as at this revision.,NONE,Y,
review_audit,TABLE,Review property changes,plan_id,4,uuid,f,,Audit history of review.plan_id. Holds the value as at this revision.,NONE,N,
review_audit,TABLE,Review property changes,review_sequence,5,integer,t,,Audit history of review.review_sequence. Holds the value as at this revision.,NONE,N,
review_audit,TABLE,Review property changes,review_date,6,date,t,,Audit history of review.review_date. Holds the value as at this revision.,NONE,N,
review_audit,TABLE,Review property changes,recorded_by,7,character varying(64),t,,Audit history of review.recorded_by. Holds the value as at this revision.,STAFF,N,
review_audit,TABLE,Review property changes,recorded_by_display_name,8,character varying(255),t,,Audit history of review.recorded_by_display_name. Holds the value as at this revision.,STAFF,N,
review_audit,TABLE,Review property changes,next_review_date,9,date,t,,Audit history of review.next_review_date. Holds the value as at this revision.,NONE,N,
review_audit,TABLE,Review property changes,csip_closed_date,10,date,t,,Audit history of review.csip_closed_date. Holds the value as at this revision.,NONE,N,
review_audit,TABLE,Review property changes,summary,11,text,t,,Audit history of review.summary. Holds the value as at this revision.,SPECIAL-CATEGORY,N,
review_audit,TABLE,Review property changes,actions,12,character varying[],t,,Audit history of review.actions. Holds the value as at this revision.,SPECIAL-CATEGORY,N,
review_audit,TABLE,Review property changes,review_sequence_modified,19,boolean,t,,Whether review sequence was changed in this revision.,NONE,N,
review_audit,TABLE,Review property changes,review_date_modified,20,boolean,t,,Whether review date was changed in this revision.,NONE,N,
review_audit,TABLE,Review property changes,recorded_by_modified,21,boolean,t,,Whether recorded by was changed in this revision.,NONE,N,
review_audit,TABLE,Review property changes,recorded_by_display_name_modified,22,boolean,t,,Whether recorded by display name was changed in this revision.,NONE,N,
review_audit,TABLE,Review property changes,next_review_date_modified,23,boolean,t,,Whether next review date was changed in this revision.,NONE,N,
review_audit,TABLE,Review property changes,csip_closed_date_modified,24,boolean,t,,Whether csip closed date was changed in this revision.,NONE,N,
review_audit,TABLE,Review property changes,summary_modified,25,boolean,t,,Whether summary was changed in this revision.,NONE,N,
review_audit,TABLE,Review property changes,actions_modified,26,boolean,t,,Whether actions was changed in this revision.,NONE,N,
review_audit,TABLE,Review property changes,legacy_id,27,bigint,t,,Audit history of review.legacy_id. Holds the value as at this revision.,NONE,N,
safer_custody_screening_outcome,TABLE,The result of the referral screening process undertaken by the Safer Custody team. Screening is step 2 of the CSIP process which can end if the decision is not to proceed further,safer_custody_screening_outcome_id,1,uuid,f,,Shared primary key with csip_record. Uses the same value as csip_record.record_id,NONE,Y,referral
safer_custody_screening_outcome,TABLE,The result of the referral screening process undertaken by the Safer Custody team. Screening is step 2 of the CSIP process which can end if the decision is not to proceed further,outcome_id,2,integer,f,,Foreign key to reference data using the 'SCREENING_OUTCOME_TYPE' domain for the selected screening outcome. The reference_data.code value maps to OFFENDER_CSIP_REPORTS.CDR_OUTCOME,SPECIAL-CATEGORY,N,reference_data
safer_custody_screening_outcome,TABLE,The result of the referral screening process undertaken by the Safer Custody team. Screening is step 2 of the CSIP process which can end if the decision is not to proceed further,recorded_by,3,character varying(100),f,,The username of the user who recorded the safer custody screening outcome. Maps to OFFENDER_CSIP_REPORTS.CDR_OUTCOME_RECORDED_BY,STAFF,N,
safer_custody_screening_outcome,TABLE,The result of the referral screening process undertaken by the Safer Custody team. Screening is step 2 of the CSIP process which can end if the decision is not to proceed further,recorded_by_display_name,4,character varying(255),f,,The first and last name of the user who recorded the safer custody screening outcome. Does not update if their name changes,STAFF,N,
safer_custody_screening_outcome,TABLE,The result of the referral screening process undertaken by the Safer Custody team. Screening is step 2 of the CSIP process which can end if the decision is not to proceed further,date,5,date,f,,The date of the safer custody screening outcome. Maps to OFFENDER_CSIP_REPORTS.CDR_OUTCOME_DATE,NONE,N,
safer_custody_screening_outcome,TABLE,The result of the referral screening process undertaken by the Safer Custody team. Screening is step 2 of the CSIP process which can end if the decision is not to proceed further,reason_for_decision,6,text,t,,The reasons for the safer custody screening outcome decision. Maps to OFFENDER_CSIP_REPORTS.CDR_DECISION_REASON which has a 4000 character limit,SPECIAL-CATEGORY,N,
safer_custody_screening_outcome,TABLE,The result of the referral screening process undertaken by the Safer Custody team. Screening is step 2 of the CSIP process which can end if the decision is not to proceed further,version,7,integer,f,,Supports optimistic locking preventing unnecessary select queries for new entities,NONE,N,
safer_custody_screening_outcome_audit,TABLE,Screening property changes,rev_id,1,bigint,f,,Foreign key to audit_revision. Identifies the revision this row belongs to.,NONE,Y,audit_revision
safer_custody_screening_outcome_audit,TABLE,Screening property changes,rev_type,2,smallint,f,,"Type of change; 0 -> entity was created, 1 -> entity was updated, 2 -> entity was deleted",NONE,N,
safer_custody_screening_outcome_audit,TABLE,Screening property changes,safer_custody_screening_outcome_id,3,uuid,f,,Audit history of safer_custody_screening_outcome.safer_custody_screening_outcome_id. Holds the value as at this revision.,NONE,Y,
safer_custody_screening_outcome_audit,TABLE,Screening property changes,outcome_id,4,bigint,t,,Audit history of safer_custody_screening_outcome.outcome_id. Holds the value as at this revision.,SPECIAL-CATEGORY,N,
safer_custody_screening_outcome_audit,TABLE,Screening property changes,recorded_by,5,character varying(64),t,,Audit history of safer_custody_screening_outcome.recorded_by. Holds the value as at this revision.,STAFF,N,
safer_custody_screening_outcome_audit,TABLE,Screening property changes,recorded_by_display_name,6,character varying(255),t,,Audit history of safer_custody_screening_outcome.recorded_by_display_name. Holds the value as at this revision.,STAFF,N,
safer_custody_screening_outcome_audit,TABLE,Screening property changes,date,7,date,t,,Audit history of safer_custody_screening_outcome.date. Holds the value as at this revision.,NONE,N,
safer_custody_screening_outcome_audit,TABLE,Screening property changes,reason_for_decision,8,text,t,,Audit history of safer_custody_screening_outcome.reason_for_decision. Holds the value as at this revision.,SPECIAL-CATEGORY,N,
safer_custody_screening_outcome_audit,TABLE,Screening property changes,outcome_modified,15,boolean,t,,Whether outcome was changed in this revision.,NONE,N,
safer_custody_screening_outcome_audit,TABLE,Screening property changes,recorded_by_modified,16,boolean,t,,Whether recorded by was changed in this revision.,NONE,N,
safer_custody_screening_outcome_audit,TABLE,Screening property changes,recorded_by_display_name_modified,17,boolean,t,,Whether recorded by display name was changed in this revision.,NONE,N,
safer_custody_screening_outcome_audit,TABLE,Screening property changes,date_modified,18,boolean,t,,Whether date was changed in this revision.,NONE,N,
safer_custody_screening_outcome_audit,TABLE,Screening property changes,reason_for_decision_modified,19,boolean,t,,Whether reason for decision was changed in this revision.,NONE,N,
